-- phpMyAdmin SQL Dump
-- version 4.6.5.2
-- https://www.phpmyadmin.net/
--
-- Хост: 127.0.0.1:3306
-- Время создания: Фев 10 2017 г., 12:38
-- Версия сервера: 5.5.53
-- Версия PHP: 5.6.29

SET SQL_MODE = "NO_AUTO_VALUE_ON_ZERO";
SET time_zone = "+00:00";


/*!40101 SET @OLD_CHARACTER_SET_CLIENT=@@CHARACTER_SET_CLIENT */;
/*!40101 SET @OLD_CHARACTER_SET_RESULTS=@@CHARACTER_SET_RESULTS */;
/*!40101 SET @OLD_COLLATION_CONNECTION=@@COLLATION_CONNECTION */;
/*!40101 SET NAMES utf8mb4 */;

--
-- База данных: `aliaksei_liburkin_DB`
--
CREATE DATABASE IF NOT EXISTS `aliaksei_liburkin_DB` DEFAULT CHARACTER SET utf8 COLLATE utf8_general_ci;
USE `aliaksei_liburkin_DB`;

-- --------------------------------------------------------

--
-- Структура таблицы `news`
--

DROP TABLE IF EXISTS `news`;
CREATE TABLE `news` (
  `id` int(11) NOT NULL,
  `title` char(255) NOT NULL,
  `description` char(255) NOT NULL,
  `text` text NOT NULL,
  `category_id` int(11) NOT NULL,
  `user_id` int(11) NOT NULL,
  `date` datetime NOT NULL
) ENGINE=InnoDB DEFAULT CHARSET=utf8;

--
-- Дамп данных таблицы `news`
--

INSERT INTO `news` (`id`, `title`, `description`, `text`, `category_id`, `user_id`, `date`) VALUES
(1, 'Practicing the ancient art of kendo', 'Club gives students the opportunity to train in the Japanese martial art that focuses on improving oneself and one’s technique, on teamwork, and contributing to society', 'Shouts and foot slaps echo out of UC Santa Cruz’s martial arts rooms, drawing the attention of a few passing students who raise their cell phones to record the scene.\r\n\r\nThere, in an octagonal room with views of the bay, 16 members of the UC Santa Cruz Kendo Club—some of them dressed in dark jackets and wide pants that make them appear as if they are floating across the padded floor—are at practice. \r\n\r\nThey lift their bamboo swords called shinai and slash at the air. They bark out calls and stamp their feet as part of a martial art that was developed in Japan centuries before.\r\n\r\nIt is a noisy, physically demanding sport that focuses on improving oneself and one’s technique, on teamwork, and contributing to society—and is a complement to the rigors of university study, several club members say.\r\n\r\n“It is about overcoming your own smallness,” says Tyler Oku, a 22-year-old history major at College Ten who helped found the club four years earlier. “It’s about overcoming that voice in your head that says you can’t do this; it’s about overcoming with a strong heart.”\r\n\r\n“In kendo, there is discipline. You honor your sensei,” says Yutaka Tokunaga, using the Japanese word for martial arts teacher. The 19-year-old incoming president of the club was born in Japan and is studying computer engineering. “Sensei give their time to teach us, and we have to honor that.”\r\n\r\nIn the same way, the Oakes College student who expects to graduate in 2020 honors his professors. “They could be doing other, more important things,” Tokunaga says, “but they are teaching us, and so you give them respect.”\r\n\r\nAccording to Oku, kendo is an ancient martial art that grew out of the swordsmanship used by Japanese warriors centuries ago. Modern practitioners use “swords” called shinai, which are made up of four long bamboo slats held together with leather fittings. The shinai are used to strike an opponent’s arms, head, and upper body, which are covered with armor made out of plastic or bamboo. Each “hit” is accompanied by a slap of the foot and a shout, which names the body part about to be struck.\r\n\r\nThe strike, shout, and foot stomp are meant to be simultaneous and precise, or what is called Ki Ken Tai Ichi, says Oku. In competition, any hesitation or deviation from specific moves are penalized.\r\n\r\n“A good, clean hit should look beautiful,” Oku says of the discipline required by the sport. “It shouldn’t look like some guy just flipping out.”\r\n\r\nSitting outside the martial arts room on a warm fall evening, Oku says kendo is not only a strenuous workout but also helps develop character.\r\n\r\n“On a physical level you can be pushed to do more than you thought you could do and there is also a culture of teamwork and camaraderie.”\r\n\r\nUC Santa Cruz’s Kendo Club practices twice a week and competes only in one event, the Yuhihai Intercollegiate Kendo Tournament in Los Angeles. But kendo is not just about competition, Oku says.\r\n\r\nOne of the martial art’s underlying principles is that “you work diligently and try to make progress,” Oku says. “Similarly, you try to develop how you can contribute to society.”\r\n\r\nOku began studying kendo in middle school as did Tokunaga, whose father is a sensei in the martial art.\r\n\r\nSabrina Tran, a 19-year-old linguistics major at Merrill College, says she studied kendo as an exchange student in Japan and joined the club because she was nostalgic for her study-abroad experience and because the sport is a good way to de-stress from her studies.\r\n\r\nShe took her place next to Oku, who led the group in warm-up exercises, then took club members through footwork drills. Students frowned in concentration, their shinai at arms’ length in front of them, their quick gliding steps whispering across the floor.\r\n\r\nOku watched as some of the participants’ shinai bobbed up and down.\r\n\r\n“Imagine a butterfly on the edge of the sword,” he says to the group. “You want to move smoothly enough so it doesn’t fly away.”', 1, 1, '2016-11-04 00:00:00'),
(2, 'Kicking up confidence while having a ball', 'UC Santa Cruz women’s soccer team goes beyond expectations with high GPAs, outreach to community with kids\' soccer clinics', 'Although she didn’t find out until high school, Athena Del Rosario was diagnosed with autism as a young child. The fact she had a hard time communicating and relating to other people was part of her disorder.\r\n\r\nBut that changed, says Del Rosario, when she discovered soccer.\r\n\r\nNow a goalie on the UC Santa Cruz women’s soccer team, Del Rosario (Oakes ’17, environmental studies) says the sport “helped me build skills that weren’t natural to me. They built me as a person.”\r\n\r\nShe learned to talk to people, to socialize, to appreciate the support of her teammates through tough times. It also made her a better student.\r\n\r\n“I’m out here now doing things my parents never thought I would do,” she says of her time at UC Santa Cruz.\r\n\r\nIt’s part of the reason Del Rosario helped organize a free soccer workshop for the children of students living in Family Student Housing—or any child of students or faculty, for that matter. She wants others to get a taste of the skills she learned from the sport.\r\n\r\nThe event was May 15 on the Oakes Field and included skill exercises, coaching, and games led by members of UC Santa Cruz’s women’s soccer team.\r\n\r\nThis year, the team won the conference title for the NCAA Division III Great South Athletic Conference and advanced to the NCAA national championship tournament. It also won the National Soccer Coaches Association of America’s Team Scholar Award with a cumulative GPA of 3.35—the highest in the UC system, according to coach Emily Scheese, who earned a Ph.D. in literature from UC Santa Cruz in 2012.\r\n\r\nThe squad is peopled with students majoring in subjects from creative writing to engineering. Many excelled in their club and high school soccer teams. But what sets the group apart is that for 12 weekends of the year, the team goes into the community to coach soccer clinics for local kids. Partnered with the Aptos Tide soccer club, the athletes not only teach skills but also help participants gain confidence and make friends. About 100 students from ages 4 to 12 participated this year.\r\n\r\n“You see someone who goes from barely wanting to dribble the ball to someone who, at the end of practices, is out there dribbling and playing and laughing,” Del Rosario says. “Seeing them happy makes me happy.”\r\n\r\nStanding on a wind-swept soccer field on the UC Santa Cruz campus after a rigorous practice, Scheese says the team is a cohesive, hard-working group that has gone beyond expectations.\r\n\r\n“We’re Division III so we don’t have scholarships,” Scheese says. “All the women are here for the love of the game. They are basically volunteering to play a sport with people they love, on a campus they love and want to represent.”', 1, 3, '2016-05-12 00:00:00'),
(3, 'Staff moving to Scotts Valley Center', 'As you may recall, UC Santa Cruz is establishing a center in Scotts Valley to support approximately 370 staff from the divisions of Business and Administrative Services, Information Technology Services, and University Relations.', 'As you may recall, UC Santa Cruz is establishing a center in Scotts Valley to support approximately 370 staff from the divisions of Business and Administrative Services, Information Technology Services, and University Relations. UC Santa Cruz signed a 20-year lease for two three-floor modules at the Enterprise Technology Centre in Scotts Valley.\r\n\r\nThe move is on schedule and will occur in phases beginning this month and going through March.\r\n\r\nUniversity Relations staff based at the 2155 Delaware Ave. building are scheduled to move first, during the last week of December.\r\nStaff in Information Technology Services (ITS), Internal Audit, the Real Estate Office (REO), BAS Operations and Resource Management and Vice Chancellor’s office, and Colleges, Housing, and Educational Services (CHES) are scheduled to move next, with the move expected to be complete in mid-January.\r\nStaff Human Resources will move at the end of January.\r\nBusiness and Administrative Services staff in Financial Affairs will move in early March.\r\nBringing hundreds of staff members together will better support collaboration across divisions. This change will necessitate the better use of technology for meetings so that participants can be fully engaged regardless of location.\r\n\r\nUC has signed a systemwide contract with a video teleconferencing service, called Zoom, that along with Google Hangouts and other videoconferencing software will enable virtual meetings between employees in any location, reducing the need to drive between locations. A workgroup has created a useful guide in order to help ease the transition to utilizing more teleconferencing.\r\n\r\nThe Scotts Valley Center project frees up space at 2300 Delaware Ave., a university-owned building that will be used for much-needed academic and research-oriented space for the Division of Physical and Biological Sciences, the Baskin School of Engineering, and the Division of the Arts. Renovation work has already begun, with researchers moving in over the next several years.', 3, 1, '2016-12-20 00:00:00'),
(4, 'Undergraduate applications mark new record', 'UC Santa Cruz has marked increases in the number of California students who’ve applied as well as gains in the ethnic diversity of applicants', 'Undergraduate applications to UC Santa Cruz have reached a record high, showing increased interest from California students and those from other states and countries seeking a university experience centered on student success and driven by breakthrough research and innovation that continues to gain national and international recognition.\r\n\r\nMore than 52,000 students—a new record—applied to be new first-year students for the fall 2017 quarter, a 6.9 percent increase from the previous year. The UC application deadline for transfer students was extended to Jan. 3.\r\n\r\n“Students from around the world want to be a part of our phenomenal campus,” said Michael McCawley, director of admissions. “Undergraduates continue to experience UCSC as a university that joins undergraduate research opportunities, hands-on learning, and a commitment to social justice.”\r\n\r\nUC Santa Cruz saw a 6.4 percent increase in the number of California high school seniors applying. Worldwide awareness continues to grow about the campus’s blend of high-impact research with tight-knit communities of learning, similar to small liberal arts colleges. Applications from out-of-state students increased by 2.5 percent and from international students by 13 percent.\r\n\r\nThere was also increased interest from ethnically diverse California students. The campus received more freshman applications from African Americans (6.5 percent more); from Asian Americans and Pacific Islanders (5.7 percent more); and Chicanos/Latinos (11 percent more).\r\n\r\n“Over the last year, we have worked very hard with other members of the UCSC community to further diversify the campus, and these numbers are an indication that those efforts are working,” said McCawley. “We want students from all backgrounds to know that UCSC is an inclusive and safe environment.”\r\n\r\nAt a time when hateful rhetoric has targeted many groups—including undocumented students, the lesbian, gay, bisexual, trans, and queer communities, women, and international students—UC Santa Cruz continues to promote a community built on mutual respect, trust, and compassion.\r\n\r\n“Diversity is an integral part of UC Santa Cruz’s mission to teach, discover, and serve,” Chancellor George Blumenthal said. “We strive to be an exceptionally inclusive campus, celebrating differences that strengthen our community and supporting students and their many identities in and out of the classroom.”\r\n\r\nUC Santa Cruz, which became a Hispanic-Serving Institution in 2012, was recently awarded a $5.7 million grant, its third major HSI grant from the U.S. Department of Education, to support efforts to keep Latino and low-income students on a path to graduating with degrees in science and engineering.\r\n\r\nAdmissions staff anticipate that a higher percentage of students will accept UC Santa Cruz admissions offers in spring, following the global recognition of research done by Professor Harry Noller, who was awarded a $3 million Breakthrough Prize in Life Sciences earlier this month revealing how the complex molecular machines called ribosomes translate genetic code and build the proteins in all living cells, thereby connecting modern biology to the origin of life.\r\n\r\nThe Breakthrough Prize, founded by leading Silicon Valley entrepreneurs including Mark Zuckerberg and Sergey Brin, honors paradigm-shifting research in the fields of fundamental physics, life sciences, and mathematics.\r\n\r\nThis year, UC Santa Cruz ranked 30th in the U.S. News and World Report’s list of top public national universities. Additionally, the campus’s commitment to sustainability was underscored by the Princeton Review’s list of top green colleges. UC Santa Cruz ranked No. 7.\r\n\r\nUndergraduate students who arrive in the fall will be part of the campus’s residential college communities for living and learning, as well as host of special programs, including the Scholars Program, Smith Society, and ever expanding opportunities for undergraduate research, internships, and creative projects with world-class faculty.\r\n\r\nLike the eight other UC campuses that admit undergraduate students, UC Santa Cruz will aim to increase the number of total California undergraduates as part of UC President Janet Napolitano’s plan to increase systemwide enrollment of California undergraduates in the next two years.\r\n\r\nUndergraduate applicants will be notified of admission decisions and waitlist invitations beginning mid-March. Admitted first-year students have until May 1 to indicate their intent to enroll and transfers until June 1.', 3, 5, '2016-12-19 00:00:00'),
(5, 'Black Panther exhibition opens Nov. 10 at McHenry Library', 'The Black Panther Party was officially formed in 1966, shortly after the creation of Marvel’s Black Panther character. Looking back after 50 years, two interconnected exhibits will examine the role of women in the Party and the comic.', 'Pictures and Progress: the Black Panther 1966-2016 will open November 10 on the 3rd and 4th floors of UC Santa Cruz’s McHenry Library.\r\n\r\nThe Black Panther Party was officially formed in 1966, shortly after the creation of Marvel’s Black Panther character. Looking back after 50 years, two interconnected exhibits will examine the role of women in the Party and the comic. \r\n\r\nThirty photographs by Pirkle Jones and Ruth-Marion Baruch, ephemera, and original posters by Emory Douglas comprise one part of the exhibit. Forty-five comics, portraying the Black Panther character and African Americans in the second half of the 20th Century, form the other.\r\n\r\nThere is also a digital component to the exhibit that includes supplementary pictorial materials and essays by each of the curators, addressing roles of women and children in the Black Panther Party and the comic.\r\n\r\nThe curators--crystal am nelson, Cathy Thomas, and Kiran Garcha--are all Ph.D. students at UC Santa Cruz.\r\n\r\nA comic book about the Black Panther comic, commissioned and created to accompany the exhibit, will be available to visitors free of charge.\r\n\r\nThe exhibition runs through April 1, 2017.', 5, 2, '2016-11-07 00:00:00'),
(6, 'Founders Celebration 2016 celebrates excellence, generosity, vision', 'Event held in newly envisioned library space highlights a new form of journalism, pioneering research into little-known languages, and philanthropists with extraordinary vision', 'Hundreds of revelers turned UC Santa Cruz’s Science & Engineering Library into a “collision space” of ideas during the 11th annual Founders Celebration, a time to celebrate excellence and generosity.\r\n\r\nThe library is now undergoing a renovation, which is gradually transforming the building into a more vital and interactive space.\r\n\r\nThat vitality was very much in evidence during the celebration. Artful lighting in shades of red and blue, a dynamic troop of dancers, and strings of lights in the courtyard, transformed the library into a lively and thoughtful party space.\r\n\r\nDuring her spirited and funny remarks to the crowd, Alumni Achievement Award honoree Julie Snyder (Kresge ’95, politics), co-creator of the massively popular Serial podcast, made a confession: “In a bajillion years, I never could have pictured myself being the person who is up here on stage tonight because that is not how I saw myself when I was here: I was not a go-getter!”\r\n\r\nSnyder, whose podcast unspools gripping true-life stories, is considered a journalistic pioneer. She, along with her co-creator Sarah Koenig, has found a way to blend riveting storytelling with hard-nosed reporting.\r\n\r\nIn that sense, Snyder is part of a longstanding tradition of journalists whose work is exhaustively researched but is every bit as engaging as great fiction. Snyder name-dropped fellow UC Santa Cruz grads Nikki Silva (Porter \'73, aesthetic studies) and Lawrence Weschler (Cowell \'74, philosophy and western civilization) and an amazing list of Pulitzer Prize winners who are fellow Banana Slugs: Hector Tobar (Oakes \'85, Latin American studies/sociology), Dana Priest Merrill (\'81, politics),  Martha Mendoza (Kresge \'88, journalism and education), and William Finnegan (Cowell, \'74, English literature).\r\n\r\nConsidering that Snyder can now take her place among the most distinguished journalists who have graduated from UC Santa Cruz, it is humbling to realize that she wasn’t particularly “single-minded or ambitious” when she first arrived on campus.\r\n\r\nOn the upside, she found herself challenged all the time. Her takeaway from UC Santa Cruz was this: “Be fearless, be progressive, challenge the orthodoxy, question the status quo, and don’t just follow what others do and have always done. Truly listen to one another. Follow a new path.”\r\n\r\nThe spirit of UC Santa Cruz followed her as she launched her broadcasting career at This American Life. That same spirit helped guide her hand two years ago when she started Serial with Koenig.\r\n\r\nLittle did Snyder know that Serial, shortly after its debut, would reach 5 million downloads—the fastest podcast download rate in iTunes history—or that the show would approach a total of 253 million downloads after the first two seasons, drawing listeners from every country in the world except North Korean and Eritrea. “I don’t know what Eritrea’s problem is!” Snyder joked.\r\n\r\nSnyder did her best to explain Serial’s massive popularity. She believes that “the part of the brain that reacted to shows like House of Cards and Breaking Bad lit up when listening to Serial, but this wasn’t entertainment, it was journalism. It was real, and people weren’t used to responding to journalism that way. And the question became, ‘What is this? This must be something new, and is this OK to do with a nonfiction story? Is it too entertaining? Is this responsible?\' I would say artistry is OK in reporting as long as you’re sticking to the truth.”\r\n\r\nEmotional addresses\r\n\r\nAnother emotional high point was the awarding of the Faculty Research Award to UC Santa Cruz linguistics professor Sandra Chung, who was recognized for her work focusing on 1,200 related languages spoken on Pacific island archipelagos—especially Chamorro, an understudied language of the Mariana Islands. She said the award really belonged to the speakers of the Pacific languages. She also acknowledged her late father, Harold Chung, who she described as a “college drop-out from a different University of California campus” who started out as a lab assistant. “I hope some part of his spirit of scientific inquiry continues in my research,” she said. “He would have been delighted to be here tonight.”\r\n\r\nDuring the evening, the Helen and Will Webster Foundation was honored with the Fiat Lux Award. Claudia and Alec Webster (Rachel Carson College \'02, environmental studies) help steward the foundation. They accepted the award on behalf of the foundation.\r\n\r\nThe Websters are well-known on campus for their generosity and vision. Their philanthropy named and endowed the newly rededicated Rachel Carson College (formerly College Eight), and established five endowed chairs.\r\n\r\nThe Websters are also known for their intervention to save the Cowell Ranch Hay Barn, which was on the verge of collapse before they funded an ambitious rebuilding project. The barn is now a center for UC Santa Cruz’s environmental and sustainability programs, home to the Center for Agroecology and Sustainable Food Systems, and a campus and community hub.\r\n\r\nClaudia Webster said that Helen and Will Webster have been “incredibly brave” in their vision for UC Santa Cruz. “In doing so, they have opened the world to us beyond anything I would have ever aspired to. It brings me to you.”\r\n\r\nDirecting her remarks to the UC Santa Cruz community, Webster continued: “I truly believe you don’t understand how important you are, how much goodness you bring to the world, the work you do that is so needed. I asked (University Librarian Elizabeth Cowell), ‘Can you even wrap your mind around the talent and brains that are in the room tonight? I could start naming names but we’d be here all evening.”\r\n\r\nClaudia Webster said that a foundation could give money to any number of good causes, “and we have tried, but we keep coming back to UC Santa Cruz and the Santa Cruz community. You are the best of the best. Don’t lose sight of how important you are.”', 5, 4, '2016-10-26 00:00:00'),
(7, 'Restorative justice and civil rights leader Fania Davis to give Baskin Ethics Lecture', 'Fania Davis—co-founder and executive director of Restorative Justice for Oakland Youth--will deliver the 2016 Peggy Downes Baskin Ethics Lecture on Thursday, December 1, at the Music Center Recital Hall on the UC Santa Cruz campus.', 'Fania Davis—co-founder and executive director of Restorative Justice for Oakland Youth--will deliver the 2016 Peggy Downes Baskin Ethics Lecture on Thursday, December 1, at the Music Center Recital Hall on the UC Santa Cruz campus.\r\n\r\nDavis will talk about the origins and practice of restorative justice, as well as its intersections with feminist and relational theory, abolitionism, Black Lives Matter, and movements to end sexual violence.\r\n\r\nRestorative justice is a model of criminal justice that focuses on the rehabilitation of offenders through reconciliation with victims and the community at large.\r\n\r\nThe murder of two close childhood friends in the 1963 bombing of the 16th Street Baptist Church in Birmingham, Alabama, stirred Davis to a lifetime of social activism. Since then, she has been active in the civil rights, Black liberation, women’s, prisoner’s, peace, anti-racial violence, and anti-apartheid movements.\r\n\r\nShe also spent nearly three decades as a civil rights trial lawyer after earning a law degree from UC Berkeley in 1979.\r\n\r\n“I’ve known her since the late 60s,” noted UC Santa Cruz professor of feminist studies Bettina Aptheker. “She and I worked very closely together on the movement to free Angela Davis—her sister. She was featured in the film Free Angela and All Political Prisoners, the 2012 documentary by Shola Lynch.”\r\n\r\nAptheker added that she had originally planned to bring Davis to campus to speak to her Feminism & Social Justice class. But she ended up instead recommending her for the Ethics Lecture.\r\n\r\n“In light of last week’s election, this talk cannot be more urgent,” said Aptheker. “Mass incarceration has been one of the big issues of our time, and the black community has been particularly impacted by it—as well as other communities of color. And this movement of restorative justice is part of an effort to create alternatives to prison.”\r\n\r\n“It’s a practical way of showing people that prison abolition is a practical goal,” Aptheker added. “That’s what restorative justice is--and does--in the community.”\r\n\r\nDavis has received numerous honors, including the Ubuntu Service to Humanity award; the Maloney award recognizing exceptional contributions in youth-based restorative justice, and World Trust’s Healing Justice award. She was also featured last year in a Los Angeles Times article titled “The New Civil Right Leaders: Emerging Voices in the 21st  Century.”    \r\n\r\nAs Davis noted in a guest commentary for the Oakland Tribune:\r\n\r\n“Oakland is emerging as a national model in using cultural restorative justice approaches to interrupt the school-to-prison pipeline, break cycles of racialized mass incarceration, and bring community healing.\r\n\r\n“Our successes are receiving national media attention from The New York Times, NPR, NBC, PRI, Smithsonian Institution’s Story Corps and others. The feds have taken notice. Civil Rights Assistant Secretary Russlyn Ali noted what is happening in Oakland is ‘a model process we hope to see repeated again and again across the country.’”\r\n\r\nThe Ethics Lecture is made possible by the Peggy Downes Baskin Humanities Endowment for Interdisciplinary Ethics, which enables the Humanities Division to promote a dialogue about ethics and ethics related challenges in an interdisciplinary setting. The endowment was established in honor of Peggy Downes Baskin’s longtime interest in ethical issues across the academic spectrum.', 4, 4, '2016-11-17 00:00:00'),
(8, '‘Look Back in Time: Russell Crotty and Lick Observatory’ exhibition opens in San Jose', 'Look Back in Time: Russell Crotty and Lick Observatory, the first traveling exhibition of the UC Santa Cruz Institute of the Arts and Sciences (IAS), opens November 13 at the San Jose Institute of Contemporary Art (ICA).', 'Look Back in Time: Russell Crotty and Lick Observatory, the first traveling exhibition of the UC Santa Cruz Institute of the Arts and Sciences (IAS), opens November 13 at the San Jose Institute of Contemporary Art (ICA).\r\n\r\nThe exhibition offers a look at astronomy and the celestial cosmos through two distinct lenses—one artistic and contemporary, the other scientific and historical.\r\n\r\nIt joins the work of Russell Crotty, an artist with an abiding passion for astronomy, with an installation of never-before-exhibited artifacts and images from one of the nation’s most historic observatories, UC Lick Observatory on Mount Hamilton.\r\n\r\nThe title of the exhibition has a dual meaning. First, it refers to ‘lookback time’--the fact that the light that reaches our telescopes shows us images from the past--the greater the distance the light has traveled, the older the image. Second, the exhibit looks back at the early years of astronomy at Lick.\r\n\r\nCrotty is known internationally for his drawings based on direct astronomical observation, and for works on landscape, the ocean, and surfing. This exhibition premiers a large-scale, site-specific installation, created in response to his time as an IAS artist-in-residence at Lick Observatory and UC Santa Cruz.\r\n\r\nLook Back in Time also digs into the history of astronomy, unveiling an array of artifacts from Lick’s historical collections. Selected and displayed in an installation created by the Observatory’s collections director, Tony Misch, these artifacts provide a look into the processes of late 19th and early 20th century observational astronomy.\r\n\r\n“The instruments, photographic plates, and written records in Lick\'s historical collections conceal a special poetry in their documentation of the laborious and painstaking work of astronomical observation,” noted Misch, co-curator of the exhibition with Crotty and IAS director John Weber.\r\n\r\n“This wonderful opportunity to exhibit the archival materials in an art gallery context invites viewers to reflect on astronomical data-gathering, with all its precision and quantitative rigor, as the creative work of individual hands and minds,” he added.\r\n\r\nThe Look Back in Time exhibition is the culmination of an innovative two-year collaboration between the ICA, IAS, University of California Observatories (UCO), the Lick Observatory Historical Collections Project, and Theoretical Astrophysics Santa Cruz, a faculty working group at UC Santa Cruz.\r\n\r\nAccording to Cathy Kimball, ICA’s Executive Director, “This project represents a model partnership between a public university and an urban, non-profit contemporary art space, demonstrating the value of collaborations that leverage the research capacities of higher education in the service of public arts programming.”\r\n\r\nKimball collaborated on the exhibition’s concept and extended the original invitation to the IAS to develop a joint project.\r\n\r\nWhen approached by the IAS about an exhibition, Crotty was attracted by the once-in-a-lifetime opportunity to work with modern and historic telescopes at Lick, gain access to its historical archive, and engage with astronomers and astrophysicists both at Lick and on campus.\r\n\r\nAlong with repeat visits to the observatory, he met on campus with faculty involved in theoretical astrophysics to discuss their work. He visited the Lick Shops on campus where telescopes are designed, optics fabricated, and instruments built. He toured the Center for Adaptive Optics where the next generation of AO technologies is being pioneered. And he met with art classes.\r\n\r\nCrotty also helped plan and present an intensive, two-day art and astronomy workshop for undergraduate art and science students at Lick Observatory.\r\n\r\nThe result of his time at Lick and on campus is a new installation based loosely on current theories about the development of the universe, from just after the Big Bang to the present. Crotty’s new piece takes the form of an immersive, walk-in environment that includes drawing, sculpture, and fabric scrims coated with bio-resin.\r\n\r\n It will be on view for the first time at the ICA, together with a group of Crotty’s earlier work, selected by the artist to relate to areas of the cosmos studied historically at Lick.\r\n\r\n\"What we have created together is a show that combines the contemporary with the historical, and art with science history,” noted IAS director John Weber. “There are a lot of stories in this show, which is ultimately about the incredible drive humankind has had to understand the nature of the universe itself, and to express it. Lick Observatory expresses that drive, and so does Russell\'s work.\"', 4, 3, '2016-10-27 00:00:00');

-- --------------------------------------------------------

--
-- Структура таблицы `news_category`
--

DROP TABLE IF EXISTS `news_category`;
CREATE TABLE `news_category` (
  `id` int(11) NOT NULL,
  `name` char(255) NOT NULL
) ENGINE=InnoDB DEFAULT CHARSET=utf8;

--
-- Дамп данных таблицы `news_category`
--

INSERT INTO `news_category` (`id`, `name`) VALUES
(1, 'Sport'),
(2, 'Politics'),
(3, 'Student'),
(4, 'Events'),
(5, 'Library');

-- --------------------------------------------------------

--
-- Структура таблицы `users`
--

DROP TABLE IF EXISTS `users`;
CREATE TABLE `users` (
  `id` int(11) NOT NULL,
  `first_name` char(255) NOT NULL,
  `last_name` char(255) NOT NULL
) ENGINE=InnoDB DEFAULT CHARSET=utf8;

--
-- Дамп данных таблицы `users`
--

INSERT INTO `users` (`id`, `first_name`, `last_name`) VALUES
(1, 'Александр', 'Петров'),
(2, 'Джони', 'Блэк'),
(3, 'Тимофей', 'Опель'),
(4, 'Петр', 'Смит'),
(5, 'Василий', 'Смит'),
(6, 'Александр', 'Петров'),
(7, 'Джони', 'Смит'),
(8, 'Джони', 'Смит'),
(9, 'Петр', 'Смит');

--
-- Индексы сохранённых таблиц
--

--
-- Индексы таблицы `news`
--
ALTER TABLE `news`
  ADD PRIMARY KEY (`id`);

--
-- Индексы таблицы `news_category`
--
ALTER TABLE `news_category`
  ADD PRIMARY KEY (`id`);

--
-- Индексы таблицы `users`
--
ALTER TABLE `users`
  ADD PRIMARY KEY (`id`);

--
-- AUTO_INCREMENT для сохранённых таблиц
--

--
-- AUTO_INCREMENT для таблицы `news`
--
ALTER TABLE `news`
  MODIFY `id` int(11) NOT NULL AUTO_INCREMENT, AUTO_INCREMENT=9;
--
-- AUTO_INCREMENT для таблицы `news_category`
--
ALTER TABLE `news_category`
  MODIFY `id` int(11) NOT NULL AUTO_INCREMENT, AUTO_INCREMENT=6;
--
-- AUTO_INCREMENT для таблицы `users`
--
ALTER TABLE `users`
  MODIFY `id` int(11) NOT NULL AUTO_INCREMENT, AUTO_INCREMENT=11;
/*!40101 SET CHARACTER_SET_CLIENT=@OLD_CHARACTER_SET_CLIENT */;
/*!40101 SET CHARACTER_SET_RESULTS=@OLD_CHARACTER_SET_RESULTS */;
/*!40101 SET COLLATION_CONNECTION=@OLD_COLLATION_CONNECTION */;
